address,valid_mints,overflow_zec,zero_holder
t1b4XybYDVhiNc2qaSG9ZgTdrqMxqyb6AX7,50,0,true
t1KpiXhjka5EvBCj2x7Swi4MrHvH1whZBjN,50,0,true
t1RELEmkcAGbFneHUd1R1jSU9DhpQwYBAPn,50,0,true
t1bzYxKQxxNaLTwdoqcHZvmpepCg4yZngAr,50,0,true
t1YEzKfEPpcwA16XtjKhfeS91yZLCvKaUVm,50,0,true
t1SVqyXaouW8XTeT2zpzR9Ho5BeowFMN3fY,50,0,true
t1R2kimSRqsEZhRM2YapxoiXmcJt8JS26R2,50,0,true
t1gRY2JqGf94YFyQQGXto7xXbzgvw5rmSjy,50,0,false
t1btNwTJYKbGzwtV6jt4xaSc4GPsFrBoB8p,50,0,false
t1fCmNkTGqtxnnSq9LLFxityrJ12uTeiEUK,50,0,true
t1UYkBhztBcBpQLLQSye4N84kcE1Tq1znW9,50,0,true
t1ZUffvd1tK6PUx9r8zBojyoAJSMip5AWrA,50,0,false
t1JXhSxCqshXKuGLJtaXdWPzFH7hHMwoEMR,50,0.01,true
t1L2rjTmcceKadYAvrk9Bz3Q5DhuTKSqAuy,50,0,true
t1fL13xZ5tJVAhQDAzjTEP5pBKBu4GNqgNP,50,0,false
t1JEQVZtfwJ22eqoQxysG614sCXxkxRNtTP,50,0,false
t1X6fAbmcmw2GGXzwTZhtnmd8PLfnbnh1xe,50,0,false
t1TXJY2PkqZGYamBLaeQKfjoX5CsZkK2fN4,50,0,false
t1aUACx3quMNA66rM1AmDmZoewSVAehFk1W,50,0,false
t1VNqzdvmveogFSMVU2hQBAdTTvLfrE5FCr,50,0,false
t1dacu5tgHUsxkp3cR37UyXadwzSjAvCTnH,50,0,true
t1c4J1rMLWwpELU6XcJqb9zheUjUSeThjcx,50,0.003,false
t1dfJRU8B7HJG8t7ZXHDCUcTFFfw7B71aLT,50,0,true
t1KeYd75eLD8BVhtJn9R2sQxsomd4ukSy3Q,50,0,true
t1PXxvXfJZVWocHNWoz4G8MuK2rDnYPFYNT,50,0,true
t1aD5Mp7aux3FxfV5hWtjFEiihCDtb71sMG,50,0,true
t1dgqMeqinLpFF487bH9pQoQDkM7fAxk554,50,0,false
t1gEaDQaiqyVGAoog8VHocUM1SQ6scajDBe,50,0,false
t1Xcqj6EXQ9yWUyCqY2LkKx8K2z37cqp8qC,50,0,true
t1MN1HiXkseswrzwe7jBK82fLewryuGJtc9,50,0,true
t1WmvGYmhcVioHvRoZFXTkVmeMY5bmuintT,50,0,true
t1NbGTmb1hg3T1HYtEc3F4sZ9TrroKMBsFc,50,0,false
t1KcUw1NpvR56on7dBzKddJoB41AkJLwE2h,50,0,true
t1Y9DVrXXFPB4swn6qbsAY7JjJhbS7Fb83y,50,0,true
t1TK5Exioia8at4ohgcGuHDesvivbDmjfJ5,50,0,false
t1P6zRufb4LWSiveBq64tyK1W44yfKFPT6r,50,0,false
t1PfRE4Ykxpgd5AVGoMkBfidme6xaWgLNtX,50,0,false
t1PLr7Emfb4ptJr3yDGkxtVVcX88ViPczBg,50,0,true
t1eqQgBFKchzyt7V8YNeVYFabaNjy2cBLLq,50,0,false
t1N9vKJSQqPvji45DBmSYqBF3oms6eFZBAV,50,0,false
t1UijcPnDrZgCmQLg67Y8LD8XaiLbijq9ku,50,0,false
t1WDk8FTmQhUtJTPQoFtehpxuNLkFUVYSPm,50,0,true
t1e715t2y96NAPzQMAhB6Va2cyELCrAYxTx,50,0,true
t1UqgXtp2u4BzwoA5pS9bA2AAyvpterRbkK,50,0,false
t1QR5zVA26etioVWiaHFuqv2Ay8D9jLTdan,50,0,true
t1PrTn5aMGFA4HstZf1LtDKuq52kCjyJFX6,50,0,false
t1fWm4JXmdzAnommXc9AHToRfGcwJmyVHxd,50,0,false
t1QPEcLgkHMw4XgK2V6KAiXUmHJF5PEhox1,50,0,true
t1NvEUzT6VCr9tM2P2XD1gXDBnWyo6rRD39,50,0,false
t1cUfbLk8osiMwLFkPnt815kcsLLNJqETWk,50,0,false
t1SjbAodtmts94hhNDm1G6GsXS9r56r3Fmi,50,0,false
t1ZvFc8Q8RiTdcMiYfuo4K1SyTbF7FGtGGS,50,0,false
t1PLZELR9UEhaTSdZM1kB57WZ8BND9p1HdL,50,0,false
t1Sn6q8WBUC1a2S7TJDBJZCqCTi8uqutSeq,50,0,false
t1UGNMMfGvei3pRgChYnzyHUgD5qYsjPdcD,50,0,false
t1NMCjpeuQAB3Ghpbqpfzg7xypW3tH4Krnp,50,0,false
t1XKb2Xu5CYTYRh46MgtxQe9RBuvcWMDXBW,50,0,false
t1bqZ7LCv5CA65pcubguiQdJfY4QhSvzBzz,50,0,false
t1d1phzJpRBFB6L3Z7BpoBKQdZJLaVRu3ZB,50,0,false
t1SWxDGRkWwzGzChaQrn1u8n5Sr6gSJTt11,50,0,false
t1RNjBKM81ui7zsY2z2udyi7BiL5XvjSpvh,50,0,false
t1WjYmzb8EKLEFe8JcxDXijVxwRbxYbMiG5,50,0,false
t1Rgw6g813bmZoYvyd37iAewNEy6hditZvQ,50,0,false
t1QbJUqt1hbqzrJjz9u4532oiTWEfqeMVtP,50,0,false
t1Px7HLraU7Co9LK3K81jCRnTNiLHrwGoXJ,50,0,false
t1cEuyKREaWGBzptq5B4crCJSwQGK3iwCVU,50,0,false
t1LcKeEa2rGmgAWZAfRVSYj5FnsBveJXUjp,50,0,false
t1UTwwsasLf2XHdAEc4hnfbEwkY6K9e6yQi,50,0,false
t1UmuzozKqrBtAKnbasCZnHnpQJ7dXixRVQ,50,0,false
t1RjXEctX3E63YdhaerxYyNQCK71mp117tY,50,0,false
t1aphFZZmcUJqHuENXL5odscmYV97Ti5dWv,50,0,false
t1SHGZr8CkNtLwVipc2UzkGF7H1QT4F6XFN,50,0,true
t1LaKAkMmJKy8LE5cmZNkgdVCvvTNRKac8A,50,0.25,true
t1gejwMprZ7dXGDQBAZqySn1gKrhUuZdsYW,50,0,false
t1Rg9y3Ljv39shodbzUKv7Ywn4fzVzB453B,50,0,true
t1Uivww7gQciDUbcNPQEqTMnAKpBCWJpQzG,50,0,false
t1b39dQxZpYeU97Nk4MsscpirVMEAxuXiBU,50,0,false
t1JDsFJFC6Ydm63JVp9JTMyKDxYYxrRtqeK,50,0,false
t1g3x1rcXNzWKuAtM9qnQUKMLsHh3AcMWsb,50,0,false
t1JaJySetfBv2Z8HaU9jBfS1aRUpudfVLxM,50,0,false
t1XsMhJDmJW2JSrzebdJL8VpoB5AQeiKt2L,50,0,true
t1dM5fkRrTUGzGqZfTPGHGvXPBhKoWnf2sM,50,0,false
t1XM9qRwDQkotaM1uaiuMNNpFEtQK4YxiCM,50,0,false
t1K6zLQeMuUuH7y2TZMnybQTkzTmZt4Kz5z,50,0,false
t1Sbpv6qNM7SiAPN3z4t3sEzq4qiNLUWWKG,50,0,false
t1M6PPksmrSqBSwXFeN4gmMtRGFNULxdg3h,50,0,false
t1eZZad5kSLGj8M8n7JnCqbWPfQm3DQ2Gg2,50,0,false
t1UNWjTAWASKho5R51ePLqz1KpRL6V1rQni,50,0,true
t1LijYvLKaeH8P4hMpTbtUM1UuFcksddxP8,50,0,false
t1bsspk21sc8FZLcD1aZj646JzuzSPYtaKQ,50,0,false
t1MeSGayNa3UXEwaKpUyHh464VYFfVTcHVV,50,0,false
t1Rn9tWhETR1QoRnGpSRi97ELjayMKuz6eZ,50,0,false
t1RMhSwkZUcw9ub1oWUGgJwV6LbrvBFXCZV,50,0,true
t1UUk2BymjK2L6VYopDKrWL8ELHeN6wkVwv,50,0,false
t1UwHgYcnxRUF62kfEa3wEFUeTqLaHxttqv,50,0,false
t1eyBnvrqpkww85E7XUgqunSh6ZguyTu6K3,50,0,false
t1cyFVFKoEncK1Juchh5qqFua6Erem4M79w,50,0,false
t1TM4UKZtTcLqBiUs6oQzhbb5wLA9Soo3ii,50,0,false
t1Lz7kt1DuYAhMqzCuXP8jVRCvy1Ps6So6e,50,0,false
t1c8PmwHXH9DqcWsvSXGiZ2Chte2NvDh3Ex,50,0.04146,false
t1MpEXNn1CMr3dzaqCf78U63o4dfEVQuj5i,49,0,false
t1UaVNi5rHiec4Gu4c5AinDymN1L2HWuB9X,49,0,false
t1aKeHqAVGfMXRKot9iR3WGKFddkPvciptt,49,0,false
t1QuNYSptKw1JVmV2aBfVLJusTMikYbvfiY,46,0,true
t1gRaxofYci6ChQQ22veHFy2RN9maj2rdNt,45,0,false
t1QVUdMFqEqMQgXTb2Q5JTdSRwAE7xR4CcF,43,0,false
t1KhHGjrUCrRbn1jhnLz8iBmTok9TpidFUi,42,0,true
t1c9zdg3aMoCc9XWk4s522bP5C9ye5X4D6P,40,0,false
t1WwE8mf17ryho7niZ6wLHriaXac5f8qYMi,40,0,true
t1gFXPMbRdeoHuwRzCrMs99tGhJuw7fufyu,40,0,false
t1QYFEWBCkPQY1Q8ck5f5g2YV69uRGDTdAB,40,0,true
t1JuBEugVahfbF2BLZaFWGkwGhUoXpVtS2Z,40,0,true
t1LpCG9HGenGTdbWuGQoJGbsDsTfTX5ERX6,40,0,true
t1aNdD8sRhKYWjgMfbpeqP4M18UBYEzURXN,40,0,false
t1NeCjR4Exq6KSBji3tzs4HjSoQcDKn9C7y,40,0,false
t1fgYsEsuY8U248AdMtT2rqWyWTGBWGjWMi,40,0,false
t1hArykyJFctqhcswKwoBfnqYDrtPYbCUsz,40,0,true
t1fRrYX2wGoLMYnA5SxpM2pkY9M1dE5YWar,40,0,false
t1Sg7TeEA9TKjYMwsfFeQ3AqyCZDvPKnsny,40,0,true
t1TmtFDgWQXtxoqrNvmosA6kadKAYg4Kf8N,39,0,false
t1aCkJtWvBSfGafminnbMNEeGDypV9G3GcA,36,0,false
t1LZi24JYDJzSFiB29WpM2JVP83KwLnkCRb,31,0,true
t1fDtA8dVjokvjh6iHZwu6vKHepFKS9Ay9a,30,0,true
t1WmGfFiAUhM7A7YNhWr3z4gukbVAYVTaL4,30,0,false
t1Vab4k1a2ydvnWFMn2Nt5sjmgeamBvnDrZ,30,0,true
t1V4gDL2iVXpgoL6vctiGER1dAW97tTF7JA,30,0,true
t1NmHms7mHuMHtNevpM8mFWJSPSMHU15Xqr,30,0,false
t1RivrNi4iFXjXgjCn8ZU5kQQf5s3omngkL,30,0,false
t1PwBcvk3MTLxLWBQsdKjvv3wLBw58tYn3p,30,0,true
t1XZzv9ApFAQ5YpoEkiEGWcq2tuf4vR1g2a,30,0,false
t1T51bJ95g1Qrj6sQxNWgukmqAcDghK375t,30,0,false
t1QuPqTxgLGNcBo4mSUEgxdvJMbyuNvPTdb,29,0,false
t1HwgAAWc9KQthHZVUoLGDgUhmJDKMoD6Xa,25,0,false
t1gfd6wyZz6u1WqDQwW5aHhz349hqHsvAv1,25,0,true
t1a2wYUdG1a3g9uA8Tj1VK5WqTJwZRvcp2F,25,0,true
t1XkWkaZjVuWm3jQBn9jpH1r69DUWaJdTmW,24,0,false
t1bZL1AsAtjJcPee5t3hsQdMpvHw39rmzAn,23,0,false
t1RZuXxwNgrSK2wjKaAA5NpSGm9X3dawtcF,22,0,false
t1TdWJKLMPx8K3pyKwZyaMcyDtW24AGjUUS,21,0,false
t1P6iev8WfifgZvVeAYbYSBTaaRMTHkgw4V,21,0,false
t1fovT3N27HTzFnA3tyogdMX8czaK1RbbRG,21,0,true
t1U6qou55uLD6PNQnGCfyrCByVYQz2PKTgA,21,0,false
t1T954bo5MpnjpjqRi544hNAazMwxUvGpmh,20,0,true
t1YVnHrMUHeZQCZSPzi71YD8xK4xFyWY5vG,20,0,true
t1fYm6PonzmHqgJ1azpAiMMy1WZLiGfZdwT,20,0,false
t1S1drDqXcox83T5JzUquCzvVJUe5KXpds7,20,0,true
t1c3Ko29ZEFPjjtwE5bQs44hkfZMmshqZj2,20,0,true
t1ZQtLr4duNri32v8xRCRXSR3rTiJBxv2Wq,20,0,true
t1JvT6ADSBpYMa35N5p6ZjiYjntU8ABHw4Z,20,0,true
t1QiT4MntJovhDdeCBJXPmhHs94EHiMFHdK,20,0,true
t1h24u2ActyQ127jiK1BFY5SVctCbCZVnaX,20,0,false
t1fYgWxb9m6aZ4j3jFTU52yEG2bTDaJQW5J,20,0,true
t1MAhPX8p3SgGteboXAjb6EJxLcGnTEJn4Y,20,0,true
t1fULU1jLXAHgLeC9LbPiuydcd9w89sbFVr,20,0,true
t1feEeKdUeC8LiQGcZGJjRdeG8HeGncfduW,20,0,true
t1eGoHRHBvKCeBHmZf9xvXfy86njvkJKSSa,20,0,false
t1TuHpqKrNVJpjKj3yaenccEcEnarCcfWGV,20,0,false
t1SqQn7d3FhVj1aDwGFiP6EBxTQjCNGRwFf,20,0,true
t1JHqGANnGVjEtRRJRM9zvauHh6pWgDC9nR,20,0,false
t1f7R81gwbt1vxxsgwUvupZ5KELrFhEmFSV,20,0,false
t1SL65EQXVGABrLSXFDttHePd4TJRVyNEaB,20,0,false
t1e1VoHTrQdQVp37eqRYgWrSQQgkee4T2kt,20,0,false
t1JWm2Rf4kW1s8T8LKTW9ZThaDEXguMorkh,20,0,true
t1bNQuA7jY3fBtJCPZAao8kpKCCwCdKmhxQ,20,0,true
t1RBc5TuTJ5j2rphgoHD2SSUiPRrAzaFAw7,20,0,false
t1UR9nXRnEgaNoQJixoTbYUf3sLXy79CwUT,20,0,true
t1ZbMky2ef4fCzauU2ktafeu1c8ZR8qqkfR,20,0,true
t1J6CF6hXanfe3cpV6SiLKosGyrxWvB4po1,20,0,true
t1geVXYyPYSRLnQ453bU5DmpQGdDjSQuzVx,20,0,false
t1K2Y89EuQQyhA1bCbtAmoHuy3iGzSn1rT8,20,0,true
t1Tdx3jECge1dd9PmzxuaphVJm5HYq2c7wn,20,0,false
t1enPwnvsJbyPMz7f6ydKP5JgrPWvzUtNXu,20,0,true
t1NBKYs1xSm1mZDBjzghB2ai1YWYmEXRKds,20,0,false
t1VXzayZ2WTcGLUK2rRLcTXr5iVJzzFmLUy,20,0,false
t1VdVZ3bA44yrzjPQBvDKH7k27we8GvFpgT,20,0,true
t1eAL55Eh5HVe4heSD8FVmbz57Pf86UdfUF,20,0,false
t1KQN6LRZAaQMy4VeTLSWNMPucd71LToesq,20,0,true
t1XqU4sMJt8FwwMHPtmka8iiniogSyAbwrV,20,0,false
t1Jwd8YieKnnFwQ7fwsSfxSkfrgDuhBHjQh,20,0,true
t1RoxDrmB2QgdvZwEJBtPL7aSSozek7UhNb,20,0,true
t1SenFswYHX6BuZZvxP4ugKXEkZF6DpUpbP,20,0,false
t1JTs8xyoC3STScbtKbKPdSPD3dETcnFb4U,18,0,false
t1ViMk2cVLAF4YF1CPkyw9zW2vqgLLa6pW9,18,0,true
t1K1K3LVuJFtHpw1RX5gye1WT1w3NFfFKUz,17,0,false
t1RsQ4gSyy9B4nZnDCZRgbwHfDLBUmj5uxd,17,0,false
t1dVMN42aHLgQhk4eaQcG8hTiCmc7SDu4MN,16,0,true
t1dQDycZNsKU8MdY9THLHbG3dmFHpnzFBtE,16,0,true
t1Wr85sKQsEEutQn9SMmBF5ygfKZAV7yVTX,16,0,false
t1TeYcUgo3CDmRUDky73ZN2Qe8jrFt2xbat,16,0,false
t1b3Zgxvh3paGwfFNadb6ADLat9LGwdC1Sd,16,0,false
t1czqmkk37uHGFzQKVsQQoEeYPgHoyTcL9B,16,0,true
t1Vf4K61QeSEuLhxpzkjCh3nB3Q1vw6FVX9,15,0,false
t1VAWytxYxgokmQhN76HSMnsnNe5bamzwDx,15,0,false
t1aPDVkkVQvUdf52UWN47xW7vgz2UG1PL4Z,15,0,false
t1eZmAFcocLD3avQj6CLnp9EcYjEEy3BbGn,15,0,false
t1LS3LszPNHSc73SVa1vxDteUWkprR9XwMv,15,0,true
t1VzJ7Y8Xih5ZxrLcECNAr41W62CA8KBNhn,15,0,true
t1M6i22TEVnZTLk5jya4WwHV7FKasKYjP2v,15,0,true
t1g797iUz3HzgkyXZUXJLUKM7A8JUqNDWNV,14,0,false
t1Ps3bgewoF8F651SnfUVM2mjade8NwmSaD,14,0,true
t1TRDpjXTMynESHmGtqurhsCGTKJ8EtGCqG,14,0,true
t1RA5rZWpGV2H197mSZZucZzH3SqDQ7YsSL,13,0,true
t1deGoiyStnkQ62Coq3nvvYh9rWbC8nF2fE,13,0,true
t1MD91oCaAqkbvmNwmxG57j1UBPsACZxJwX,13,0,false
t1NeyeGc8iSkf9j5jpAaaX6f2gvphTcft7S,13,0,true
t1ZiE23hfozqbzTJQ2yU6vGjfELpThLvrCK,12,0,false
t1aHw5LG1yhLS8rt3ChmFHfBQdZeSteiUsG,12,0,false
t1TQMu6MUjKnd7ieKS9WpiKRwSWzDCxkdFC,12,0,false
t1a6nWF5tJdpRzfWHadUw1bRVoYBqBnQUSo,12,0,false
t1PuDHQTSiqkwCGE7gR3yo48B8iHw7s76Ko,12,0,true
t1gQVCzRPetQ5Kd2YaV6oKqsbptwHQsvwGx,12,0,true
t1gdkJyd1nU84k9YtcoiRhNbTuuSd6rYt8M,12,0,false
t1ZpZoCw6BnVU4bEKcg29CoKyno37DMuuck,11,0,false
t1dLzCyHagzpHCZkwt1WPvqsqs5K4vH1bPW,11,0,false
t1KcScSPFPhnMQ2VitEsRCS7viqwaio8Fhj,11,0,false
t1edeaynY2LzdRdYy65r37opKpnKHaoEazY,11,0,true
t1LDPZ7HjrtQ2Ungknph3LF8iHEhLsmEbSV,11,0,false
t1VLqP3zm55bd1LTeCwHWYcEEv4GTKgFhYh,11,0,true
t1dMoL5cxocwNdAh9CYQydL3ntXv3KH4ysD,11,0,false
t1Z4XPpnw9F5kPFQ53mpnaB4TwnUi2SAN2R,11,0,true
t1PyJNBgcguGFCgxwZNYsbkhYVAAPDm811n,10,0,true
t1PHJRW3AnAg5oxdn3RtMnHWeMsHHdhBRFg,10,0,true
t1dgGDv9XNrzGe2JuZMaXeW28j7E217yU3G,10,0,true
t1PhbZxZSN1DrJJeZF6WmSuJgxayY9h5dAz,10,0,false
t1eV2REkp3uN14w593MEobL5hyap6DhSLzj,10,0,true
t1XuGqv2SVc6pYgv3vUkasyeHzoEFVGvR21,10,0,true
t1UfmMoPUGnPNiCGdQ4s86LoCbrwMEEkvgz,10,0,true
t1YRMkDDGVJTc88qc5ADcW31zdMEDM4pfBL,10,0,false
t1dP8yLc9E2V8qUeC7LZqFdNEWTyvDYWFKo,10,0,false
t1UBeZp8P7ftsLLHaJHG5vuLiXPxQq3hXKk,10,0,false
t1Z6WMzRUcNzzeyTaPANyUCBtTqRAopcsxZ,10,0,false
t1XVpPmETSDM4X2noK6GoUbvtC1NeMTB8H2,10,0,true
t1Pk1Uc5Ma3YFs7JWim8pjE8jQiV36B5eds,10,0,false
t1YFgVHdoLZLCWGbXa54mNc4hZjhm9JiteH,10,0,false
t1bB4Co8DzR6CHaxdhTCGddwbEaLRnePEoj,10,0,true
t1P9jPLm6rkWLNnfE4b2RUvFngSqJ38cMRz,10,0,true
t1WuC9sMDUamu6tpHqQkN5Nhkq9JcfWLJzv,10,0,true
t1dSJWjsHFTG2Sum6YqNy3V9YRKcL1dESN8,10,0,true
t1ZqvsUWKCPsaTKEMVFpZHArvUCbz7B9Sq4,10,0,false
t1PpP9PU3EzkzjGU7cCCMx1XsNXxXP3APAs,10,0,true
t1XkJq7Z7dQ1s1ksFUx7qnk9L8A5rTjxaPU,10,0,true
t1ZrxajusSgFSCaXA5mvvE4ukM8ebcfKHhY,10,0,true
t1NEwAQJGkrN6X6FiaXKM2GjJVAQvvTiBGX,10,0,false
t1XyV5g9HfZkEqFFsZA1use1ZoXZ4nQNkPi,10,0,false
t1P5vRsuo2Qdsnk3NpP3sCFrSaYEr2cNxQu,10,0,true
t1MJ5qQbFYXu5QhSmG9Cx1NTpzbQkVZhXKL,10,0,true
t1gwmyqkmSPp78ZvSyrW5jPEL3HMS9xbdAG,10,0,false
t1Po17NLzAQRJc1yved5sjBGkeMKHydQoWi,10,0,false
t1Vu8WaVCG1xE8qHdyoWsmV2S9i63hTj9Sy,10,0,true
t1SRc8MQ11LbDFFGhsinQnBHP5qyopJr13R,10,0,false
t1YuggbneTvrknF83vAZH7ccAXHqBFYNJ3G,10,0,true
t1ahN537hrtEs9QLcbHLQ7RcztkUKQH9nSz,10,0,false
t1VxjD7iYpY58cHGHWfRHMBNijefRKYcBVn,10,0,true
t1fwBoF3r6g5cV93RZfBmEfABiT96VhDTjF,10,0,true
t1S7eADHhQ5juFR1TKZGphgucBYjtJA8EE1,10,0,false
t1d7gUc3DPM6UDKuEeBf5LxBaZbEtNAVXV3,10,0,false
t1a7hvJBRsE6VVorjndLQRAU7kyjzcgQnk5,10,0,true
t1UufoXNydAJnJ5x2JXuMh4QMU2WrFagbNu,10,0,false
t1eEvr87sWn9daCpnnxSRZtW8pDb6K9TS6a,10,0,false
t1PCJiAepLeD7NAJcTi7VXpgjJZhji5m3fG,10,0,true
t1JwcN7BWHWiw2xscGWymBDBpPL57Rpbjjw,10,0,false
t1UrPiaVKof3253qofgNCV8fWP6ZAihLsuA,10,0,true
t1QR45sgPXm8TMDKCpB2NtXbKAcL6MqdoPQ,10,0,false
t1KpwNWxTU8Wf5g5tWDrUqbnH4bi6TohRTN,10,0,false
t1LQcmsvBUYfvfTGsKC8DYCpB5isja9bcsr,10,0,false
t1WSoHYJRazyhjmzFvbXTRBwH1Fo9iYPbqX,10,0,true
t1cZHtfw1tX9Te9LnHsA2TwYsCfydWQub1e,10,0,true
t1KDC4Eo3wd5tiD6pLeDtetLcKL7ngo9ZzE,10,0,false
t1J8AjWq5exf79SYMnxsH3oYTGZRfWbyXhM,10,0,true
t1cRK6LcFeMk8EFFK2P8npv5GFSj3bQRyU6,10,0,false
t1SRDjNsBcMJFF4KWpTPwfs1XusByKjAa9q,10,0,true
t1dLo2HX4E7FS2hXNysWdLtDjzo6a3coyNF,10,0,true
t1gUBFUNUjh7opQ9AX1WoHmPVsuv5p7Hzab,10,0,false
t1aAdSC9hrXqiVncTfKqrEq4yd5bQM9d9NH,10,0,true
t1TbMmF7EbERaVZ99mXvm7gJXvZXht6aVXm,10,0,true
t1XGrAmZT5ZP1cJwno2HZuYp66G3LhoJPn4,10,0,false
t1RSG4Wz6fCzghgDVbN5RXC8BrBp8jCEW5Y,10,0,true
t1PWsn53ukB4e4zbF22eBcxLb7mw548bNJW,10,0,false
t1eQRQ34Pr3zKECPRjvANrxmpdPXT32j8TV,10,0,true
t1WyFTCBVsSpN5cqDDr6X7fJCuxoJQtLgF6,10,0,false
t1NCm6D3Y4b2mGgbDs5aNVzs1CGVzjocH5K,10,0,true
t1WuP8b6WSAeeWjbzsZy5kFnVesSBM8dhDj,10,0,true
t1WjN8r2xkSo3NKrcQoEtbbBrAJ7CgAgQ9n,10,0,true
t1bnBDL7ZUseFkHVHGZFAd5JQ6E3d1Fg3HZ,10,0,true
t1YzDzWTt66sLJe5uBZsZSyPzGxQyG3h3SU,10,0,true
t1ZSSjTHb57NJSYFTkqXwVW1mqUXadyB7k7,10,0,false
t1YxY236MrQFGMa9QqRXJLKhwJGZwqDsizW,10,0,true
t1hD8yo89X2KkePBmTNC4SiGq5uohoqpfjc,10,0,false
t1LZpx1JBakA9JLgU26bFUFmqGKbK9vHHyq,10,0,true
t1c6qqs2u3RKSeZGPfeGav75jUyZp9enxqQ,10,0,true
t1bVr2s2rTinrfnNkda8xzSLtEPj7Da62wA,10,0,true
t1TKmV8x9DdqTapJJHjeZmtTdKnXw2gXYVf,10,0,false
t1UPAkYZsSv9Db74JkatQKz6KnA8yM2T9F7,10,0,true
t1MVYzgH9hLq4md2fTUC92gd2zuYkdDboZC,10,0,false
t1QL6qnm1BzjYTpQ4HXJfLqDVWYeDv3fYu2,10,0,false
t1e2tNnhQF41yXZ1Pab4pVf2KFownbesuhH,10,0,true
t1SPxTuUnzq1e2xUztdSaiDa2AfXjutkyQf,10,0,false
t1YhhkHQqQGTgR7FQa2ce1pCAgQxwT5xwcY,10,0,false
t1X7TikvWA947JEzTPgNdpiKfUQh6ReLXLr,10,0,true
t1PZv23qzT2e4vwM7hcsUSscgUY3hMLcAWP,10,0,true
t1MH8FytskuBKCsBwY9R79Xf6jGnchjYZ4m,10,0,true
t1T6vYUQ11EZ6hmC5CFwwTwo4DXkcq49Wcj,10,0,true
t1QvsgshRmywNYKp5dbFpzEzGcQnnrN9fuJ,10,0,false
t1JM2UCfN494V6GZVpQgmQ7EBc5y6vy216h,10,0,false
t1QLPBfCGqthBy7gTQLCxJeMD3UnmDc17p9,10,0,false
t1WFqvahfQki118grvXx59XpPvBJJo61eMf,9,0,true
t1Sv5YhhEFKGqYXnF6v2dZTeUWR9FtH5oTQ,9,0,true
t1SwyaKumiPj5mBk4U3VWnqyv1zRV8SSCvJ,9,0,true
t1WSpLNGF6KmKA6fX1n2BS7bGy6R1RsBzFf,9,0,false
t1PSNfHK4iLdwruK9t5s955RcSdYPGKZLch,9,0,true
t1XhfQj7mpkskx4ZD7XnHuLQ6G78c8sZ4K5,9,0,false
t1MEXix5XcptNpCRt9xWZWqK14mLMYbK3Np,9,0,true
t1Y7dTDE9rxMXgbXRqLk9VsrAqZtCZP89M1,9,0,false
t1S6Prd1n5xmHMUn1XmRxvPtEviTbQGQNcE,8,0,false
t1Ry1amQJxbasfN4G54vEjjHgfwHqyAu6kQ,8,0,true
t1TM3CAKRhDVY2bDakoQGTkyeA4qED9qDa8,8,0,false
t1RmgWiMgBaeSPA7tyAHHod7JVBoJq4ZBqB,8,0,false
t1Rbb2dc8yTb7CEuwJR3vuSPCmDR5K2epnB,8,0,false
t1PLB3h4C8RV5yVUfvBKSyStiaoSwmV5GwN,8,0,true
t1N2XU9LwtM2Ht86uTpHhHi1uMGPpN6Lfw5,8,0,true
t1ev9BumX5oSiBNkBe22PQNKad7SbNV5Qgo,8,0,true
t1X8Y4rMom1VWJsNdDYCzrX9AphSX9MDo3K,7,0,false
t1d89cAJEhGBVN7yG2TpYWZzrp2MHBxMv7Z,7,0,true
t1YJskWiBRP2R3pFsRvhuxBgeKFiiZAWzh2,7,0,true
t1JPQNqGmx1a3cZrJrg56ZRmZZeEcB6cd9Y,7,0,false
t1Rb9Vxeh5Wp3Jq8s6nviwLn27tew3t2jVW,7,0,true
t1Toh1zcyJHhVo64HJrceDTAq5EXoMsJGQv,6,0,false
t1PZ9X6J8SB26CGNnjbeEnXWnmmthVjRFXY,6,0,true
t1MYCjgLmxd4buwcttLCDwVrUCDei2vwvFS,6,0,false
t1c6h969buR5vXdofgG5gWzbjtNRNfA7tyP,6,0,false
t1K7HPVAzsdKtbiQ6hHx4QDNdVymas1tDf5,6,0,true
t1NM4oSKQEe2QKLtjQghsfc9fGQroet3h6Y,6,0,false
t1S1H6PENpBAenQGs1dqvDyfNtxBJWbY2Jk,6,0,false
t1MNHR68kJ4tsGV2hEevactiT7m5CNxHatk,6,0,true
t1ZMyF5bW92Ud3ow3vyhpHVKDENjBXvy5J1,6,0,false
t1fe6NjgMixPVroDTzJcj2svSoeTy6UU7WF,6,0,false
t1JABw3wW3HJ4Z9LU4mZsagu5YxUpWRsb1U,6,0,false
t1MtaVQ1NPUdpeBkzR8zi77fV6Hdw874cM9,6,0,true
t1UtMsK7WjJzbhvx2Rt3AyCaQ3K4urbiQ9G,6,0,false
t1eZrE2Qbavz8QGHv3n1Eekd1jqPuXMmiT7,6,0,true
t1cH3VFr2s5vN7rYgEvQSyX4B9kWhVyiBz4,6,0,false
t1MfAVdu1HGHnSMY7m7Bf8wzVECoEkDFGCX,6,0,false
t1Wh3f1ENHwACThj9SfVHMGv5haKktsLpNA,6,0,false
t1XuWb1rp4TSa9AS8SHegxVji8JVXj5mXW6,6,0,true
t1eohEj77wWNL6WwjEgsBmLVYZqfwqCbK4b,6,0,false
t1MKdjvsF1x2hvjrxzxCUwp6RjYKqEtYTtq,6,0,false
t1e8NgofFfiYpiaEP6PvAcscJ6G3Y1ircR8,6,0,true
t1P4uSfZqxejWnvyZJ3wjMXzA4Dyzm3AFBK,6,0,false
t1ZEFvVqFpioQts8YnnENEMiXu5YPMnGtmD,5,0,false
t1TQcXfFgU5ZraEfNAA33HBh4BSFjJBv9rv,5,0,false
t1QYzyToFuPRp1UXcF6CSgXsZmzH7EXn6We,5,0,false
t1RkPUVHkEXNgV2AvAHPD4jLWe3z8hRgrzV,5,0,false
t1NTC76EhBxiquJV2dfAfFWAEugj8tmvwzW,5,0,true
t1gN3yLCyi3YbSLQ9k4M1ENSY9rQDpa9zsQ,5,0,false
t1KL4FasdmwJCjpikeB4Yrog6UDdknzw5FV,5,0,true
t1fapDbmwhMDbJ7cWbHrcFgN7MMQ9WWP7xB,5,0,true
t1aKqraYPBYJuA8KQ2idUAGZ2fXSWiK7SHH,5,0,true
t1QDqbbn3p9wzriUZWP47zofyHvQmrBc8N3,5,0,true
t1X8pQjw56wvtKChTdPcHtcRmkpUo9zFujM,5,0,true
t1dmzxbvJ7KQRFTVWD2PugSRKaeQFuwtjrL,5,0,false
t1dACXjVPZNUqUJLJi6rPhnv6VBxN83eZAp,5,0,true
t1KwriJ5yvUJ3a1PaUJxJJZxM9mhYZ53t1e,5,0,true
t1NiMnGyXmR26gRVsLo41adPfUfa5RzsN1R,5,0,true
t1V3oAQEHKnQ5voanGxqzpg2PnNALatGzm7,5,0,false
t1XYrFAx3C7zBwfXmqcfSQxbMtNgrNjHYgh,5,0,false
t1TM4ckF29iKxbctrub9f2udcKawTb5AiyZ,5,0,false
t1eTSDPXd64kfQkR1JhGRJwAuMmz8gBfUUY,5,0,false
t1YtyxZdA73Bbrku3gmbtYbEp1Fa9tYf3eQ,5,0,false
t1ZAFAd3uZJvy67Rvs1vmsrqx5pUSd3J15n,5,0,false
t1LrBogYp69Ef21bxMcTWPv8tkTHuAC5of7,5,0,false
t1LB9U3EXumdBBZTGBiW7t4UtESwXoc2Ppe,5,0,true
t1Pfj96oKtMq3aMdH1yfDHJhJG3VnBJxdmE,5,0,true
t1gEyPkpdqFFRvjg9vYTm6zb855pzrTW3CX,5,0,false
t1fDqdD68WsyH7YRjwT4ixYfh4erL57vzVQ,5,0,false
t1Ygtbn96TJbJXVSzHBZBt6wcuY3NQp1XfC,5,0,false
t1R2pEV1DJrVrWnEwJLDQhLqo56Rq2GFrmX,5,0,false
t1Xg8hSmZZNwFkYKNkosamXrovWro2d8S9K,5,0,false
t1eF1pLupvuCRgHf6M7GJyXfJmezJxCtivu,5,0,false
t1aq9eyb7GsoFF3iWTKobw71FCBQGQT63vQ,5,0,true
t1Y34uWvQ1vLYoL3mZG5ZyjjJbjES7Tqgnt,5,0,false
t1bSNbb7Mnw2FP87FUCsGK7qMLWJKaMcK3P,5,0,true
t1NWBaRZHbrnCfzmtW22icvyagP1kNothu7,5,0,false
t1YvMMGozCcKDJb1LTwjnj37N6mxzCbWD1C,5,0,false
t1bZ6h8mMgy7WXw6nRZVeuMduQuX8miPi9E,5,0,false
t1MqfNnuw1Piab4s1VBrFxQ3d68nmJhwmCA,5,0,false
t1TEfPWRmdGP6A3yqpjbrmnHHE33TVakfq3,5,0,false
t1MHEzzAWsCYsesDfigPYd2eZen6uUHdwF2,5,0,false
t1c2kCpJR9dUwyeaXgkCRyAUwPgApSpT44n,5,0,true
t1ct1zbFttcM7F3omj3VK1B8cyguFhHxpUK,5,0,false
t1apcDDHKsMySXUW6Z1WPSgu9EwcMZjQaUR,5,0,false
t1JcRLWWbsDKoj516dbTuTc3iEofsZgt8B6,5,0,false
t1R1PwRv3GuC4MSjYQwk5rJYipm6kAnok2e,5,0,true
t1Ug1Kh937xbyhBowgsFQc9sv2R2qfTDia2,5,0,false
t1KT7R9HJyD9R41rGhxQXXqR2XT4rwujyHF,5,0,true
t1cUc7WahLPMXN3cvbyUDTEXxvNFMPW1Uqc,5,0,true
t1fsyS74PneCcvgVGm8vCEfufeAyiCafmB1,5,0,true
t1N8jwvt2TR4diXyfcMYSPXEDtT7GTMfs8j,5,0,false
t1afJha4r2LJPpTAZnbYzTFKVRD9EYLTAQw,5,0,true
t1Y4JBkBesedCJ76aN5CT6S7sDjacM1Y8d3,5,0,false
t1J8FHhAPNgjucqq3EywPngVLf8A5FdTJDf,5,0,false
t1Qx45SX7n3dyYTPRchfbgvXExC355GoHKt,5,0,true
t1U3QgGYRT2rk5EhYDnzkp3ehha23e67NCJ,5,0,false
t1ejtDn8MBWLKvf4dUtFgFqXTL1tUiCF7Xy,5,0,false
t1eqDLLDpZaGrcYKdArJ7bdfnCgB248XozH,5,0,false
t1d2eZeEMVurW1BquGBLAEJ6T2E52vKuMnE,5,0,true
t1Xrxq1UiPa2nY5pRKcBn6yKH3W6Wr8P39v,5,0,false
t1Zh9Lv5vBV46UxR8AWm65KUNztGoDKgsP6,5,0,true
t1RAnm3FLfnUbMddbGBmDAjW4ia9ArKNLzu,5,0,true
t1LRHGXuGmPqro1hz8uuzXfsXySDaQG5kup,5,0,true
t1fxcytEtYptzWCLrhPHd9y9HfLj4uk24m8,5,0,false
t1cghuDTtPNe7NwvqHzNFF9H7YTWsoAnruv,5,0,false
t1TXxS8diB7VHs5NboLTUXpjQeHGinxuCez,5,0,true
t1XSZkmQptZUbE3naRDgSxf4pDccTb5LAC2,5,0,false
t1Rk7QmYR8DUgzrCJ35webyzX643GLvkbD5,5,0,false
t1gVcHfhEcde9hjz5sQKitJJsC1ojQpdPAK,5,0,false
t1Juku2Crtz49H7qhng8cfGhyAaC5mEaCyA,5,0,false
t1gsuXyfwUSub6xzReenGC4M9DXMn9M9auK,5,0,false
t1brL5GccrFyg9XMcwdLSYv4XfLuuCssvyM,5,0,true
t1S2gpiTWHMEhGxip5ioSmgtgnXsnkgKyLX,5,0,false
t1RHNURDntdcR2Fddzya8eSkFswtFpKWUtf,5,0,true
t1aLuNES1F8r7pS4WMMMeCqrG2JdHgcrYqk,5,0,true
t1eLvLiJtHm7GWebDqsBKPkibSps8voDaf4,5,0,false
t1WXLkBSUqmTD6nzbURpHDHp5BfhGAJLLpS,5,0,false
t1MHq2eN1MZ5GGes8YwfSzckBkmS2fgq65H,5,0,true
t1aEHAiQzAA68DEBrHsEkqL25GX6xkM5LZj,5,0,true
t1J5gnyYoqKPwqvxWnMriFaKdbgg9syF4q1,5,0,false
t1LYXeAoEfS951bBaWLT2j6FKEs2suuhHWQ,5,0,false
t1dxHDBxBiC87KTUVUCaXYUG62g2biNYLPJ,5,0,false
t1N6xUfzAZN3miYTTpVjykuHwyqj3eFgEkF,5,0,false
t1KwKCmgdQpngnbJhz9zi9LK6Uq5JhRfGtx,5,0,false
t1cmAAVJVKVscJ1ADaVeJjH5Ndq9ZGZj7YQ,5,0,true
t1RYqiBpt1FvfDWN6FHKHg5sNwSzTR4Gjhp,5,0,false
t1RedYdP4vcMaUFWPKoihPTR3oMMYSLnmXU,5,0,true
t1KTwREaTG6XdqEoDednzaLnpSMPi8eh9h1,5,0,true
t1dgFy7xonnDi8Y8qqP9r6XpCLvFAwYSeVT,5,0,true
t1PULms72KAnGGfNfymyXzC1uCFmo8ZG8zA,5,0,true
t1Q3k7LwfKWzYXbpWJrqE9meWFw7iqWbBpG,5,0,true
t1WLQTZt3Kakg9y36MahchePQ7d7VVW7cCa,5,0,true
t1W4YXr8rTMgzkD25JGWeywXQNem3LLMXwQ,5,0,true
t1e2bpM8rPA4ig4anqFYQJDEGHSH3ib4ybT,5,0,true
t1JQuLPN6DhccED5yhrbCEsogxT3t5366jo,5,0,false
t1JejZEw5QeNbheZGZE2dy7Wr4wWwXEom4d,5,0,false
t1Qz52qXsvZ7cooU2jjBkhuQhagUi85J8Sx,5,0,true
t1VAEHdCmEt6fN2NQxC2WUfEGjj9tnizCz1,5,0,true
t1d9wxCsBbKyK74MtAAk9qs1gAUnUQDtRNy,5,0,true
t1f53SST5FssVDfk7gesgQvsdgtgGWR9Feg,5,0,true
t1feYbEfMCDcfAXL7t8VYJtQ3vFgnLRSxZf,5,0,true
t1JX7Uh3dDorRK2LDF5MsLACske6wfLYmPZ,5,0,true
t1KTJgv2pfr1zjjSySvBhaZviUacoSiCSKE,5,0,true
t1KtZBKL1xvd9dDw3zpvjmwZwDkd4nsdFs1,5,0,false
t1bQRvQVhEsGGftUasdUwimNLqaJ466pe3k,5,0,false
t1U6taQejMW7BvYJHt8mwCG5p2ACTUDi66d,5,0,false
t1VQgjkDb5hNYg6xnJdWJGof2eUodgMB3Jx,5,0,false
t1XKmdryc22kStmiiSHidDAYq1TZBaR1sgu,5,0,true
t1TfysfgQQxcu8fnhKWVzqdGwu8FzQPKCEe,5,0,false
t1e2cyv6spiSXdxFu2hd2mPCSNM1NcEfEha,5,0,false
t1bhRUheQyXq8d2VbkAu3is3SXWcUV7p5PH,5,0,false
t1SrBcxQWmDUM4Kiij1Y2yCABcDqgTVr4YX,5,0,false
t1MQJX7f2LSyHct4MaFNw4WGJvCKo1sngCP,5,0,false
t1X3Y1A1MjiBeNcQKSUu4YUGyhjk7XedNho,5,0,true
t1aJuLJSBUpiVq2CpeDen4qvGVXnoDYV75G,5,0,false
t1JA3rL76BB2auUgRMfDCKLF12sfzF4jBAB,5,0,true
t1UCtyRme2JMSQCg6QcjUMu1YjHXnoGfDDJ,5,0,true
t1Y8g4khZQCpXsVmp5mw9kCTNGDa2G9e4Z6,5,0,true
t1Z2bqfBJjxavoFvAGZ4s2L3aSoWcZytZNu,5,0,false
t1KGCB7kYHr8hDdVH4UwSZXrRAKu58MKdCe,5,0,true
t1TjbNh7zwLSZw74ZKMSsUzcYSVk2T41Bc6,5,0,false
t1czwAvZqyAFeBVghmNEuAEdSyZMzH3CR6Q,5,0,true
t1Yk8jyV61dWkx2xhmdH9EhrHTcmPx2tnGL,5,0,false
t1cGLTTq9WLpKDPzcph2gDDEhtGMbn5Xc6F,5,0,true
t1Ub2xrHEDnP6XQDvpQYNPKQeczLowJ8Z6j,5,0,true
t1UfEkwdGyNHXD3JVyQbwnNoay7nowu9gRH,4,0,true
t1LuTsbmp3oC7uwr9N2XJ8ad2Esc8ZZ9Mgc,4,0,false
t1bk11iorAbhU61dwycJa26K5xamQ2X5Efb,4,0,false
t1co1QmKFLj1yqHnr8s6oktFp2hpJEnnd5X,4,0,true
t1YZD2bWdNXU3mhWtUgiEahYUiutK9YmjS4,4,0,false
t1ZQkayRK4hCC78q6LZXqGpjCXAUH6BBoNQ,4,0,true
t1eeycfbwbu2fM3fzTxS4iUfLjUkzbnqPdG,4,0,false
t1P6Gk2kNN4wyQii4tKjKjyCk7DnNKpwjfG,4,0,false
t1PZV7mFpHnSvujmMykDCDE3MgFacrCzFdS,4,0,true
t1fU44WoNbdAWqjGaDurAbYVMo5fgwS62NZ,4,0,false
t1Y6H9ES3TKBe9CDaHmRr6eGAhbim8n3ZCS,4,0,false
t1b1z3beBCXfyggQLyrwZq1stHvxySkbuBo,4,0,true
t1MbRhHK6cQAC6M4QboZ9mUV9BKinyMoT5w,4,0,false
t1JvrpV2juqzKYAb7zPQjJZHScXYjdytd9d,4,0,true
t1HtQPkfBkTJQwQDCazLfeYK2FBeEjWQSxV,4,0,true
t1WW6D6VDJQ1wXta6MN944NNfNH6y8pDzrB,4,0,true
t1JrnwGF4MyGDNj81MCioK2SXiD2Pt6bGZC,4,0,true
t1aoYFCESRkJK1RNovuiuWqjmTyyNEXta6L,4,0,true
t1LhzuudUQGkqm4dPPBwNMhb5jHLmjuz7qn,4,0,false
t1cL1qdwnrT331WmrGd3KD1g7r1ej3JRdCn,4,0,false
t1Rtf7tt3ntuYt4JD6nigNjf9nXeeip6Q7Q,4,0,false
t1JCVYigUzGLErYQ3ZdBehrzLZ4jqu7c6KS,4,0,false
t1gwMsjKr1uXWsYDS4CZjewVM6R3Vm2rq7o,4,0,true
t1WTAedok5MdZ2moom8Ly82AnULaKNc6BSH,4,0,false
t1b6Jsx9SBWXJbYPE764ofKZDX5AMH7J7rV,4,0,true
t1V8hZyYnUWi6QeMeoW5aFQ87uozcmKbs4W,4,0,true
t1R4bqohbwhnZNRcQCnSLcR6xgAwTXSL3kz,4,0,true
t1MBpptgK2u1wHFogRHK3b38npfyMYF1CKZ,4,0,true
t1gLCPzLhxjDP7QKVpkC2cTAqJmdzxeWaq1,4,0,false
t1XfAjxmLRekiixhYGoFvqhiMeck96DUzSb,4,0,false
t1RQrim9MwtUtWKaTpABXwz3oUxyFdrDp6i,4,0,true
t1WbuqZBmujULery3Y94LSHzegdv7mbdgbF,4,0,true
t1XPemSUAQP4zWswRftD46FE774U1LSEetM,4,0,false
t1J5HNk9mbW9miM4QixC73mLPiLmBayTvfU,4,0,false
t1KvXS4mz4jUdJ4YsGquvgk1E5M5kayB8NZ,3,0,true
t1cUVeDSLzP3bZEat8szX4KvqQ6dSBCzPqi,3,0,false
t1M8t2BYcT6RXcsdSjJirBV3iXiP4SXX7Hz,3,0,true
t1PaSLXyNEd6BMWmJquSosypMjVm59byp9d,3,0,true
t1K6Yc47bLup7xpFVSASSvK9XA4B2zD2yXq,3,0,true
t1NfYRV6DRBsn6WSHD38rjZ9mvtJET434Ng,3,0,false
t1eTwcnJCJjqpK9mZBm6k7DssDv1JWqrSa5,3,0,true
t1RximGyAkaXnwqZ9Asp6bBnkwFKFbif1fC,3,0,true
t1WHphYHZhYom7VAinRuyuCXLjcQa1ru38A,3,0,false
t1YKUy6Z2GLMJaaSHy5n38v1oGLewySBCNZ,3,0,false
t1eYtcrhqquhQ1kR1rZQyc1ZraciH7cpewL,3,0,false
t1MSna83xWek26dQF7WkTv5JqLq9th8FazS,3,0,true
t1TSkumD6v3RoQQJ5PG91UWDQJodNozds8L,3,0,false
t1g2u5Qqpd12pZqV2xAkJvpVARmHvJHobSP,3,0,true
t1N1xtg7cFGTG5DPJMtN6KohHpDMXtFeHXE,3,0,true
t1PYm9HCNF7VL6jT4LnQ1f3ko2jZZCqQ9om,3,0,true
t1duxpx3u12GqyL7j9SXH7MvS8ogBvRxfwV,3,0,true
t1fh3UhHEogQG7ztVZX5dkQjAYXUtgz3p5q,3,0,false
t1MngxEWFzWa9Tch7tyVJBaFwy4tHs9vN2G,3,0,true
t1Y7NDPKHuVLLHARtbxbKB7jD27sCFpSvvG,3,0,true
t1dGDZ9EGCZAirj78UKzTzDBY6AU3V6sUGM,3,0,false
t1JDLAGrq3EFJD7LJkxpWg79oMKS5ovMzWt,3,0,false
t1S7D8LCENW74i368E6MYN5nxHM2rtKMcXr,3,0,true
t1PvLd2X5GqPVak2J1UCJaMtKDgjcJQp5K2,3,0,false
t1d4Y89g5ihbft9J3ri55n44roiruftYXaN,3,0,true
t1RtxvNmfPjf5xRcdmcEiZVfFpk2FXyJpTe,3,0,true
t1XKfohh7p3MAXZGKou7ZighXXzEX8Tx5tv,3,0,true
t1KaYATk2RuPd6vgYudH88Q4SsbdEnNhhoH,3,0,false
t1UPZL3aNJPHpusHv5L1phFR3x9AGyVFWmg,3,0,false
t1bsvy4fJtJwGgjUu2rATQpoV7gh91GQgFR,3,0,false
t1VcWC3cYCtHArt9CXHMse14BwJ8wdPdqpK,3,0,false
t1HtGcft43uYGR2j4M7qgcwMqDWN7eNuvFg,3,0,true
t1Z9U18tsi8BvidDJJQgd1DkcoSLLox7XnB,3,0,true
t1V1AaNSnwo6hoVWUUVu4uyGmixiiGAErMZ,3,0,true
t1fU35q2mmN9tvbtk67gRpMnZSGLkVZvBiM,3,0,true
t1MFchLjADJxSotMTsMo45uT2MfrsrLNRuU,3,0,false
t1ath4yuP42SzwMabiWBfR8tRwWTEQpgtkt,3,0,false
t1LLjTkJMZv7h2hWJoa4FcdGqh4Adn8uqyp,3,0,false
t1gmPDRE6q9L4B8BRNfi4qz9buecz9S1Jj4,3,0,false
t1QfMNPJeXQV46uHvVvKuMXPQz8vPD5amqH,2,0,false
t1XzG8CDgUDYmHpkwHNdqQZzXo3uxEuMneG,2,0,false
t1XiLtpQn3KVbVXeEia9pDyfvJVJDeEaCyH,2,0,false
t1c5wtFsmokYu77ewHyXPZjBBzQv8ws8pPg,2,0,true
t1aKnvDHVvfL6KbR2gnMX2i9zgqtkLnXUUn,2,0,false
t1UJfWs77c2Mp2z4DhhgmYoVZoNWe2Rg6s5,2,0,true
t1etDmfJKgAjZhb9Zz7PVGiKZFRQzgLCCLK,2,0,true
t1W3z6psFkpaQAgrsH3J1HVCAmPr8xiTfeF,2,0,false
t1VqXBWxdM7H31A5hQ1HBT3bPD2ch4Rqdmi,2,0,true
t1TC22ttwFzEPBwkQQrmYiesyN9CELJp15Z,2,0,false
t1LXawpjVL85qeCYxuJJPsb3BUjZogS5Wm7,2,0,true
t1as8bZ9Hkvitj3rrnxXS6EKuvuF3pcudrA,2,0,true
t1d6BxxP6AxwJjsh5M99LhTcrpi3YvZaqYo,2,0,false
t1STk11N7WSR9wbenXawkui3ksXoeiVo8i5,2,0,true
t1VHzfu3mLTSx1utHcWAJbRFitRw2BecvwE,2,0,true
t1cYDA4hEUMuz7MdPQf1E5J4dGKHcu9huY8,2,0,false
t1SDJUEHtxdLjMYGpFkFD82jpcibBJP2ZcK,2,0,true
t1UdK7itYtUnnD9JzdXg8gkAUFXysB9bBVc,2,0,false
t1YNgvMowkPxSp3nJ9daxiekeiLRnsMwB14,2,0,false
t1dKUXqdXvgkt7XfLLMZQ618umhbaPP8AVW,2,0,false
t1XZ9wsSa47FhevJs2VTb75uKDFjnexhg7X,2,0,false
t1Sr6ChzDKMsQdhLJWQATpSGChaQHgrPs9a,2,0,false
t1SyyjyX6eixzKAqZ2zXEAin2UfhGfiJiKn,2,0,true
t1gvuBoQHcpBg9XAqgZqRMgHqvBdSx4i6H5,2,0,true
t1PKBiv7mtzD9bNafYaqyxaENeiNDbpKxxQ,2,0,false
t1JzcGXzuSaDM4mDegLKFJRHA5WdAPvguXT,2,0,false
t1MpBhyanDFRaDeNcX8SLRZLEAw36ykSnQw,2,0,false
t1J6rTDrYB2rFq7CXtYtEAhTsDK7m6Vg53w,2,0,false
t1LMpwL1cSq5iKD8mD8vA9RAWFuDa8XP2fQ,2,0,false
t1SfsPzR7wTmr9xpHbUNoutJbAREfWi1jYu,2,0,true
t1fAR1sWx9k4zTWWRzNjDoFLTf63x25AYSs,2,0,false
t1f7k2Fz5F9bQjbySMxXNcdFy7VbCatLv71,2,0,false
t1RMDXBTTkgsrsB7jrhe9ehx8rbZ7fdZ71P,2,0,false
t1afFXoRnZ87fF9HHqwNTtZCUDgfPFw65hk,2,0,false
t1Kb1XWL5gUBBNqcJh51roeHmWpvng7irxC,2,0,true
t1dhMSaLjcsxp9SamPQKK7cWKN2zzrof67w,2,0,false
t1VuLscNzrjRAJkAoDVBKqeoMAMJxnkwrsD,2,0,false
t1MViX48bopzMn6HzEe6aZQqkLZp7LogUfF,2,0,false
t1PYRvmPaVFAGheYP743BRDNNjGDyZEdsn3,2,0,false
t1UDcevmzVKUpfBRMD5SVAgBV6ppEFbh5qr,2,0,true
t1gTPtCBAMzdtc583kadL9r6xgycqhQ4Pq8,2,0,false
t1LFz9Vt9GFKyLLjTzCTSVpQDjdSfnp5Ths,2,0,true
t1KnsuHKtchKUNE9J2M7V5SeHutqG5UDZDF,2,0,false
t1ZYBnNVwK71nXWnwh56brSLSJsEdo1UTrE,2,0,false
t1SKpVFLJMWWrv5BMdxqV7bkdXdQDoXLKQL,2,0,false
t1VmRtuMPVAzEfDtc2oVCmsJmTxhGeWQgEE,2,0,true
t1foZRsQ31X7sb4MUxow1m6yVkJjNcHTAJV,2,0,true
t1L1wwddLPMWpTQJHNQfZJLCT2Kr3SmDRNg,2,0,false
t1gDEuQCGhYet6F2jznrUXQ3zSvxoheqYp8,2,0,false
t1KkqmysfuXQt2urpv6hJwBbYtnkTEcj9yR,2,0,true
t1MnqKJEtfpE78jdgFHfdkPnwgSYvPpx9rX,2,0,false
t1UnGDkhKhT4pJaXUBBVjr2CH3HEEU8bpCS,2,0,false
t1RD3yHP5Y2LZm1BWQjB81se4se8t5qzVdH,2,0,true
t1MQbbwfn8tUZ19W7y7Py3ZxqNM7HqD4jBk,2,0,false
t1ME6dxng3hg4P9Jdu2QThK8dpHhhEvbst4,2,0,false
t1KDkPMkd1yPfBoV2psTgJAo1CL6ZBvBQM4,2,0,false
t1Rf78p1ok46e9R3vNQm45bhctJ6P1DiK44,2,0,true
t1M1YUZL9GYmPhVW3pG2fcuTjUiDaiYk2G2,2,0,true
t1KCfEd5AnDgKEfuJLXGiwLyrrxrEWicgGR,2,0,true
t1YQJiPHzFTtwiUGQtEbKxq1Hcy2N3t5ECB,2,0,true
t1PXzCXvdNyh3LnaXvpLuEPc7sPUjLzz9NK,2,0,true
t1dVRkGWsHone2NYQV4AoqDj1cArynNJA1o,2,0,false
t1NuDmisA3tdKiBafzTwmaReHAaX86CHqkm,2,0,false
t1bnpQ1zezE2LCP1bXcvCk6JMxwLsoEqtm1,2,0,true
t1JFCigsd4FnvPRDnFH2NLHwd27nJdDj9Kc,2,0,true
t1NunAP4SnZK2EVXnS4C4uFn6gRCccCPNq3,2,0,false
t1J6FZRn23Z8Hy9mZ2X9pZUD7FCNQTxE2KR,2,0,false
t1RBXVgE1N7rP5Q4E6B6DhtM8MTV6gWsmrp,2,0,false
t1Pcvprh8ZdFvkpNScy1ogDSjYbgf2g1p1X,2,0,false
t1SNtdTkq4sbsk3SoCY6uZRbXvjwDn1x7cm,2,0,false
t1Qf6W9daYXKBU9W72umbgMLNKaW5c8bLRa,2,0,true
t1QHrzYWphn7sbgbnRqfDoHtkG6kjojogfd,2,0,true
t1S957gNh26o9d7RzKrxFT3p2zGWg1F6zTd,1,0,false
t1bY6dRmGZX8Gyh4cZgdh52HgLL6d23pD9e,1,0,false
t1QjdguymeMJ6nht1rgmtbvq7azaYDzt9Fj,1,0,true
t1ehoswDUmDpURBxo2GXiGxCDxNVUpNg87J,1,0,false
t1JRHuaU8t1RW1WsV4LLWoX5C8VJ6ZdKyK6,1,0,true
t1TaEWrSpB4aLYkqDJb9X6cnmc26F9RbukH,1,0,true
t1bpEtwuvsrmaqF2wTBNBX7NAMbyzaFFGfZ,1,0,false
t1ThDjWgmquoXeDNFgkZq1YXTvz4mL8bhG8,1,0,true
t1TJvigPxqEzJ5KyxA7gWonFgoPgom2ubru,1,0,false
t1c38D4cssFMEUvaSiRQsKw8N8goacdzFgM,1,0,true
t1h9QRuituFRdVizApSgDwxdRnLUrkDBP66,1,0,false
t1cFW5D3H9TL8izLVaZoX9LP1jFb3XAp5YA,1,0,true
t1Lg1D8NLLKzQv55fueQvfiTqSLWSJrh57Y,1,0,true
t1efwyrtmjG82FnvvF5PgQSwxHXcizWTLx1,1,0,true
t1YCNKhgXERch2g3jroKpxHUMGPVhSDU7QN,1,0,false
t1LRRartNPPWyVUEMUPLwSM7RQvYUarDtMQ,1,0,false
t1Ksb96y7WMFWzZc18w82wr9Umkzsd66VLS,1,0,true
t1PXGCQ4bSnnUgrDeBxGYozLVkXbDX8Snoa,1,0,true
t1SeJCMqfJQEHydM1ggobjer8gPZYMCaU23,1,0,true
t1d4r8GRMQSTttv2CkKeKk5Lhphie4PZDeP,1,0,false
t1R4gt5op1Zm8Ktz9Px7orhSDgyDXCMsCat,1,0,true
t1XBNurodu77Xx8tJ8ebmi5T34cY45MT5mh,1,0,false
t1h7Csob58hQjcScEXrpkBExa2c6brw1aXX,1,0,true
t1cdzqCR1BU9EXE6WRu1yXQJWv5aSQJfbbY,1,0,false
t1cmTwXqKfufwWvTEHVYgzvpNbyrxc2hQDu,1,0,false
t1WeatcCZeSuQ5pTqoygLtqCihKckRvrDCe,1,0,false
t1Z9zg6GRGmgYuA9vAohgKx5Gka4SC7akUW,1,0,false
t1RJZv5uWDzvt21F38KNeupzmMtQs9bSMyM,1,0,false
t1RRswRn5DEEXNG7Uq41xMVWjWSE4FDuNZ7,1,0,false
t1UwjgVBNVpKfcEBHSpdEsqpwFEFtVigwHG,1,0,true
t1J9DKnceig8RoGLi5TWqz3R67F6RKRjneN,1,0,true
t1bGU28ZXh66EMY5WxrMpP1H7fMj2AvgvuH,1,0,false
t1gW2dQebg8FNJHXPMmWuLihAh67Y7bYmHH,1,0,true
t1ahGZhdWNKQtJgKKMQAV627x3AvmmE2qgS,1,0,true
t1JM1xMAjUcrM1gnVG5wWuZvNg3asPx2mNB,1,0,false
t1SFH6QamLrMsQk4TMBUwLqVb7dY6YDdbRL,1,0,false
t1cs3H4Ez4SptEP2VS1PQqLnvtNbXJR5V84,1,0,false
t1RSmvjj6sGpcc3NTzyzjQH8MsxbtaPxEsb,1,0,false
t1euLhSEZAJ6VBsPZk8iMSoHsqKQqtpezkm,1,0,false
t1MA39eFeajj8YwBL7KMRgPLjErgNmsgUe3,1,0,false
t1VXVG8hn5YhZNN9ex9TJyVBVmkXHUYgpnk,1,0,true
t1KAV6JAxdCwTGEF1jpkBwkDsVgtfoXWqEy,1,0,false
t1SFMSm39wFEab8zTkpfeGFFn1LexNishfZ,1,0,true
t1SSX6piX7aHFCVG6SVbiqgJq5p2Pbtkksi,1,0,false
t1Yn7LY4tfiEqnbWwFrR6jVopcZC5s7pkPt,1,0,false
t1RKpTqmMBogGkuSCdVdjUphV5QHJdExWDg,1,0,false
t1YvKWK9ux6LXioPBgFKogY44VJ3hpRNmf7,1,0,true
t1aYUyawauFfBm87p9dVKTXPHj5xQpDfZxg,1,0,true
t1cFb5tnxoAkbfc4gNyaT5sjiKhSU3sC2gK,1,0,true
t1askfh9TmjzFtUcZkYhKv5wSF2F6Ze78g6,1,0,false
t1Vv9X9xA6PdGkewDUnDfn72LtozGvrtpuD,1,0,false
t1fhMCTgkbWSvaT71YnWsK74yLc3nzhC4mw,1,0,false
t1fnj25PjtKZgYUzaP5UWGGM1uVw8yskagx,1,0,false
t1a3MRdDhoZtrzg3TwTbjYAByiZMawnAxKU,1,0,false
t1LDZPiWYmNxjGCwn6fbKm6TiQJa6uhXru2,1,0,true
t1ei9Zqv4p3d3Mc7vM5VkXHTKEewEJVSgdx,1,0,true
t1b2rbumq3WZVa7dzsoTG5XDxPE3mTbKSHz,1,0,false
t1WTWUcE1hrSyifjKYnASHPNkNx6Sww23uF,1,0,false
t1NbCwVAg8rL5dQntEuTAMsrfNXAmTYPtdJ,1,0,true
t1dup8npzbAamA8dK5KLMsEdFwJE5VfGkrN,1,0,false
t1Twcy6FrRRqhbHtQ4XBhiEkDBKgN9UtjPc,1,0,true
t1Z7V7ywsNEDjH919kWUvsWFZ9mz1xLXSkA,1,0,true
t1TcJuWChGN3pMsmK6pauPNFy5aejXrAHFV,1,0,true
t1JREuD82tmZ4MmBXRgXmdxRoY8mvVPU8GC,1,0,true
t1MV1BFYhtEiKUtetwZZm4JDvE4gWbqj3QQ,1,0,false
t1cou4R9GEpX67zb9cs1kpGf6bHh21oyHjQ,1,0,true
t1ejiip3sAv9NyvisGbjzpTpBUX7CsgwHN1,1,0,true
t1fmRxxNxRzmBTYwNsE6B8B2oNS8gkEh8eb,1,0,true
t1ZFWtZGoEYnLvRhvWtnC4uBBV95imdjg5f,1,0,true
t1PVUoXDGV5SWTiwM2kt89Pmw5TS1upDAHA,1,0,true
t1Rcjsmdbq4di89RpNSwMEjXiwj48Erui54,1,0,false
t1JhWzQg42RqtzB5s5jNpy22LV6RYY5WHyb,1,0,false
t1WNYfqcj7zMTfY2yUc6cR9hxE3zRQ5K43p,1,0,true
t1Mp7wUXdKHpFoYnTyqumwpAjzi3qXQgoiS,1,0,true
t1dhSoHhFvkLB5GG11gL5cEZDwrGe6qi6zv,1,0,false
t1gNfHuGMDS7ndhnS1njcNJbQzSpxoLoDCj,1,0,true
t1bm2K4t3mXVNzLdzGb6hWodfPDvne2n6wK,1,0,false
t1bXompvLvMfmwT82kW4AaBdJkE5BxhpjTD,1,0,true
t1XaiavqJSzdzKniUWiqEycavfr5ZzSNfjK,1,0,true
t1MCGCe5Gx7L56PtYTZ6iw43DPMpCNGc9LJ,1,0,true
t1R3HxhgSVfBVTNe3zJhLuR18rMjwjZ4qVg,1,0,false
t1Rr3Qd69eC4s4EuaWThVaMeMsfy5akzh8Y,1,0,true
t1bkoNhBVPbiH4hSQ9exFwf3n6aMqJCTj5S,1,0,false
t1g7jRpYLUF6ZW67RDoVr7sTcAmMu7iLzjn,1,0,true
t1ZyCRidmvLCt1PrrxWD7csFe696b1FPXU1,1,0,true
t1TyHXoFVHrBziHfoXNNAHFWV428sa5BrAx,1,0,false
t1fwsAo7XvNgHdb7a2pfLcENaVmMgSTp4vt,1,0,false
t1aE2dLzdvn53AaWquRVqbcbSDktsiv1aYD,1,0,true
t1Uxb7JjaPiBc37euRPNw3wyj33gj3AMZnT,1,0,false
t1WBrgse81LFo419Gd7dyUK4MRJua9QSaVH,1,0,true
t1dZbPdA5Bgy2B16rmFzJKNZUTUUVyWMhSe,1,0,true
t1URW4NtRWBTunw5VzaSJT8Hv8rCsJfnQCC,1,0,true
t1K7jfFedNikQUbPoC8MVj8iJ6tqiDmZoJ2,1,0,false
t1UurBU83LRwSA2EVCqDe45gqPSTvLxxU5j,1,0,false
t1V8qStmadDwLh8vFU5tbLPcb2CZYqDyVYT,1,0,true
t1WUECTyqKZkva4j5ZsEk9SyoPZZGxxmduA,1,0,false
t1gao9Uh4PdYaXBpMM8e9SKfsFgLmQdv77k,1,0,false
t1eYVxMAT7jptDkRbkCpHeJLSoEg3FBpvcc,1,0,true
t1UQKtegmKV8fCiMDjJtStaEDCB9JCiP3qK,1,0,true
t1Vi1RVLDdY2aZaZ1NejTwpSepNGnxs4ZFf,1,0,false
t1PJpgGsyBZyphiyWRmpnwR8FhY8PhZjo13,1,0,false
t1X9htYvQSm7G3U16ou4kg53HoN7CPDivPE,1,0,false
t1Ji5nECLR682CGiBomm2og4EH1dFTejT7H,1,0,false
t1MfPgP887Kays63LPvdDyKp6CRAT9C5C7S,1,0,true
t1WWb3v2wGVmgX7t3mnYrQjh59tHE9fXWQ4,1,0,false
t1dmZAs1W1QmghKqG5qWYTJqZbtrEmRWrw7,1,0,false
t1aRYqiRjhN3y9jdVSfBLFSCKkfNZ5vY7zh,1,0,true
t1NZNdUmEWeyAW4JtozCXZuYmXR67wd1fWs,1,0,false
t1JkdC7ywjJCQYH5By7NTBVb1TdahygNic8,1,0,false
t1JzxXYEyN8PdqsbjZPskASSUkincJL6VVv,1,0,false
t1bhWP1bcZFrC317wyQr3NW2x8XVKKrf281,1,0,false
t1Ndt5S2vmPyxTHJASyNYchSBRppquDWYdX,1,0,true